1773;5890-01;Печь-камин Эко угловая с плитой;39990,00
1781;10612-01;Чугунная печь Угловая с плитой;49990,00
1782;5649-01;Печь-камин Бавария Призматик пристенно угловой.;69990,00
1789;5509-01;Печь-камин Бавария угловая;39990,00
1790;2939-01;Печь-камин Бавария угловая с плитой;49990,00
1791;5510-01;"Печь-камин Бавария угловая с плитой ""Незабудка""";49990,00
1796;16169-01;Камин Мюнхен N пристенно-угловой черный;84990,00
1797;16561-01;Камин Мюнхен N пристенно-угловой графит;84990,00
1798;20937-01;Камин Мюнхен N угловой черный;84990,00
2632;Н0013587-02;Печь-камин Везувий ПК-01 (220) угловой (красный);33840,00
2633;Н0013566-02;Печь-камин Везувий ПК-01 (220) угловой (бежевый);33840,00
2634;Н0020944-02;Печь-камин Везувий ПК-01 (220) угловой с комфоркой (красный);43290,00
2635;Н0020943-02;Печь-камин Везувий ПК-01 (220) угловой с комфоркой (бежевый);43290,00
2638;Н0020945-02;Печь-камин Везувий ПК-01 (220) угловой с комфоркой (талькохлорит);39140,00
2650;Н0015164-02;Печь-камин Этна (ДТ-4С) угловой;35680,00
2663;Н0016246-02;Печь-камин Мета Пехорка 6 угловая;30900,00
2704;Н0004133-02;Печь-камин Теплодар ОВ-120 угловой;37980,00
4984;7194-01;Камин МЮНХЕН ПРИСТЕННО УГЛОВОЙ графит;76990,00
4985;7195-01;Камин МЮНХЕН ПРИСТЕННО УГЛОВОЙ черный;76990,00
4987;15385-01;Печь-камин БАВАРИЯ ПАНОРАМА УГЛОВАЯ;59990,00
4988;16649-01;"Печь-камин ЭкоКамин Бавария угловая изразцовая ""Решетка"" красная с металлической крышкой";54990,00
4989;19612-01;Печь-камин Бавария Угловая Радиус изразцовая Барокко коричневый с металлической крышкой;54990,00
4990;20936-01;Печь-камин Бавария Угловая Радиус изразцовая Барокко бежевый с металлической крышкой;54990,00
4991;25263-01;Печь-камин ЭкоКамин Бавария угловая радиус, изразцовая Барокко кирпичный с металлической крышкой;54990,00
